model	bgj398	bkm120	byl719	clr457	hdm201	figitumumab""	hsp990	inc280	lee011	ljm716	llm871	binimetinib	everolimus	trastuzumab	untreated	5fu	cetuximab	cgm097	ckx620	encorafenib	ljc049	lka136	abraxane	gemcitabine-50mpk	inc424	binimetinib-3.5mpk	trametinib	lfa102	paclitaxel	tamoxifen	erlotinib	lgh447	wnt974	dacarbazine	lde225	ldk378	lgw813	tas266
X-007	0	0	0	1	0	0	0	0	0	0	0	0	0	0	NA	NA	NA	NA	NA	NA	NA	NA	NA	NA	NA	NA	NA	NA	NA	NA	NA	NA	NA	NA	NA	NA	NA	NA
X-010	0	0	0	1	0	0	0	0	0	0	0	0	0	0	0	NA	NA	NA	NA	NA	NA	NA	NA	NA	NA	NA	NA	NA	NA	NA	NA	NA	NA	NA	NA	NA	NA	NA
X-011	0	0	0	1	0	0	0	0	0	0	0	0	0	0	NA	NA	NA	NA	NA	NA	NA	NA	NA	NA	NA	NA	NA	NA	NA	NA	NA	NA	NA	NA	NA	NA	NA	NA
X-015	0	0	0	0	0	0	0	0	0	0	0	0	0	0	0	NA	NA	NA	NA	NA	NA	NA	NA	NA	NA	NA	NA	NA	NA	NA	NA	NA	NA	NA	NA	NA	NA	NA
X-017	0	0	0	0	0	0	0	0	0	0	0	0	0	0	1	NA	NA	NA	NA	NA	NA	NA	NA	NA	NA	NA	NA	NA	NA	NA	NA	NA	NA	NA	NA	NA	NA	NA
X-020	0	0	1	0	0	0	0	0	0	0	0	1	0	0	0	NA	NA	NA	NA	NA	NA	NA	NA	NA	NA	NA	NA	NA	NA	NA	NA	NA	NA	NA	NA	NA	NA	NA
X-023	NA	NA	1	NA	NA	NA	0	NA	0	0	NA	NA	0	NA	0	NA	NA	NA	NA	NA	NA	NA	NA	NA	NA	NA	NA	NA	NA	NA	NA	NA	NA	NA	NA	NA	NA	NA
X-024	NA	NA	0	NA	NA	NA	0	NA	0	0	NA	NA	0	NA	0	NA	NA	NA	NA	NA	NA	NA	NA	NA	NA	NA	NA	NA	NA	NA	NA	NA	NA	NA	NA	NA	NA	NA
X-025	1	1	0	1	0	0	0	0	0	0	NA	0	0	0	0	NA	NA	NA	NA	NA	NA	NA	NA	NA	NA	NA	NA	NA	NA	NA	NA	NA	NA	NA	NA	NA	NA	NA
X-027	NA	0	1	0	1	0	NA	NA	1	1	0	NA	NA	1	NA	NA	NA	NA	NA	NA	NA	NA	NA	NA	NA	NA	NA	NA	NA	NA	NA	NA	NA	NA	NA	NA	NA	NA
X-028	0	0	0	0	0	0	1	0	0	0	0	0	0	0	NA	NA	NA	NA	NA	NA	NA	NA	NA	NA	NA	NA	NA	NA	NA	NA	NA	NA	NA	NA	NA	NA	NA	NA
X-029	0	0	0	0	0	0	0	0	0	NA	0	0	0	0	NA	NA	NA	NA	NA	NA	NA	NA	NA	NA	NA	NA	NA	NA	NA	NA	NA	NA	NA	NA	NA	NA	NA	NA
X-031	0	0	0	1	0	0	0	0	0	1	0	0	1	0	0	NA	NA	NA	NA	NA	NA	NA	NA	NA	NA	NA	NA	NA	NA	NA	NA	NA	NA	NA	NA	NA	NA	NA
X-034	0	0	1	0	0	0	0	0	0	0	0	1	0	0	NA	NA	NA	NA	NA	NA	NA	NA	NA	NA	NA	NA	NA	NA	NA	NA	NA	NA	NA	NA	NA	NA	NA	NA
X-035	0	0	0	NA	0	0	0	NA	0	1	0	0	0	0	NA	NA	NA	NA	NA	NA	NA	NA	NA	NA	NA	NA	NA	NA	NA	NA	NA	NA	NA	NA	NA	NA	NA	NA
X-037	0	1	0	0	0	0	0	1	0	0	1	0	0	0	0	NA	NA	NA	NA	NA	NA	NA	NA	NA	NA	NA	NA	NA	NA	NA	NA	NA	NA	NA	NA	NA	NA	NA
X-038	0	1	0	0	0	0	0	0	0	0	0	0	0	0	0	NA	NA	NA	NA	NA	NA	NA	NA	NA	NA	NA	NA	NA	NA	NA	NA	NA	NA	NA	NA	NA	NA	NA
X-039	NA	NA	0	NA	NA	NA	0	NA	0	0	NA	NA	0	NA	0	NA	NA	NA	NA	NA	NA	NA	NA	NA	NA	NA	NA	NA	NA	NA	NA	NA	NA	NA	NA	NA	NA	NA
X-050	NA	NA	0	NA	NA	NA	0	NA	1	0	NA	NA	0	NA	0	NA	NA	NA	NA	NA	NA	NA	NA	NA	NA	NA	NA	NA	NA	NA	NA	NA	NA	NA	NA	NA	NA	NA
X-055	NA	NA	NA	NA	NA	NA	NA	NA	NA	NA	NA	NA	NA	NA	0	NA	NA	NA	NA	NA	NA	NA	NA	NA	NA	NA	NA	NA	NA	NA	NA	NA	NA	NA	NA	NA	NA	NA
X-056	0	1	0	0	0	0	0	0	1	0	0	0	0	0	0	NA	NA	NA	NA	NA	NA	NA	NA	NA	NA	NA	NA	NA	NA	NA	NA	NA	NA	NA	NA	NA	NA	NA
X-057	0	0	0	0	0	0	0	0	0	0	1	0	0	0	NA	NA	NA	NA	NA	NA	NA	NA	NA	NA	NA	NA	NA	NA	NA	NA	NA	NA	NA	NA	NA	NA	NA	NA
X-064	0	0	0	0	0	0	0	0	0	0	0	1	0	0	NA	NA	NA	NA	NA	NA	NA	NA	NA	NA	NA	NA	NA	NA	NA	NA	NA	NA	NA	NA	NA	NA	NA	NA
X-065	0	1	0	0	0	0	0	0	0	0	0	0	0	0	0	NA	NA	NA	NA	NA	NA	NA	NA	NA	NA	NA	NA	NA	NA	NA	NA	NA	NA	NA	NA	NA	NA	NA
X-067	0	1	0	0	0	0	0	1	0	0	0	0	0	0	NA	NA	NA	NA	NA	NA	NA	NA	NA	NA	NA	NA	NA	NA	NA	NA	NA	NA	NA	NA	NA	NA	NA	NA
X-074	NA	NA	0	NA	NA	NA	0	NA	0	0	NA	NA	0	NA	0	NA	NA	NA	NA	NA	NA	NA	NA	NA	NA	NA	NA	NA	NA	NA	NA	NA	NA	NA	NA	NA	NA	NA
X-075	0	0	0	0	0	0	0	0	0	0	0	0	0	0	NA	NA	NA	NA	NA	NA	NA	NA	NA	NA	NA	NA	NA	NA	NA	NA	NA	NA	NA	NA	NA	NA	NA	NA
X-077	0	0	0	0	0	0	0	0	0	0	NA	0	1	0	0	NA	NA	NA	NA	NA	NA	NA	NA	NA	NA	NA	NA	NA	NA	NA	NA	NA	NA	NA	NA	NA	NA	NA
X-078	NA	NA	0	NA	NA	NA	0	NA	0	0	NA	NA	0	NA	0	NA	NA	NA	NA	NA	NA	NA	NA	NA	NA	NA	NA	NA	NA	NA	NA	NA	NA	NA	NA	NA	NA	NA
X-080	NA	NA	NA	NA	NA	NA	NA	NA	NA	0	NA	NA	NA	NA	1	NA	NA	NA	NA	NA	NA	NA	NA	NA	NA	NA	NA	NA	NA	NA	NA	NA	NA	NA	NA	NA	NA	NA
X-084	0	0	0	1	0	0	0	0	0	0	0	0	0	0	NA	NA	NA	NA	NA	NA	NA	NA	NA	NA	NA	NA	NA	NA	NA	NA	NA	NA	NA	NA	NA	NA	NA	NA
X-089	0	0	0	NA	0	0	0	NA	0	0	0	1	0	0	NA	NA	NA	NA	NA	NA	NA	NA	NA	NA	NA	NA	NA	NA	NA	NA	NA	NA	NA	NA	NA	NA	NA	NA
X-090	0	1	1	1	1	0	1	0	0	0	0	1	1	1	NA	NA	NA	NA	NA	NA	NA	NA	NA	NA	NA	NA	NA	NA	NA	NA	NA	NA	NA	NA	NA	NA	NA	NA
X-091	0	0	0	1	0	0	0	0	0	0	0	0	0	0	0	NA	NA	NA	NA	NA	NA	NA	NA	NA	NA	NA	NA	NA	NA	NA	NA	NA	NA	NA	NA	NA	NA	NA
X-0933	NA	0	0	0	0	NA	NA	NA	0	NA	NA	0	NA	NA	0	0	0	0	1	1	0	0	NA	NA	NA	NA	NA	NA	NA	NA	NA	NA	NA	NA	NA	NA	NA	NA
X-096	0	NA	1	0	0	0	0	0	1	1	1	0	1	1	0	NA	NA	NA	NA	NA	NA	NA	NA	NA	NA	NA	NA	NA	NA	NA	NA	NA	NA	NA	NA	NA	NA	NA
X-097	0	0	0	1	0	0	0	0	0	0	0	0	0	0	NA	NA	NA	NA	NA	NA	NA	NA	NA	NA	NA	NA	NA	NA	NA	NA	NA	NA	NA	NA	NA	NA	NA	NA
X-098	1	0	0	0	0	0	0	0	0	0	0	0	0	0	0	NA	NA	NA	NA	NA	NA	NA	NA	NA	NA	NA	NA	NA	NA	NA	NA	NA	NA	NA	NA	NA	NA	NA
X-099	0	NA	NA	0	0	0	0	0	0	0	0	0	NA	0	NA	NA	NA	NA	NA	NA	NA	NA	NA	NA	NA	NA	NA	NA	NA	NA	NA	NA	NA	NA	NA	NA	NA	NA
X-0991	NA	NA	0	0	1	0	NA	NA	1	NA	NA	1	NA	NA	0	NA	NA	NA	NA	NA	NA	0	0	0	0	0	1	NA	NA	NA	NA	NA	NA	NA	NA	NA	NA	NA
X-1004	1	0	0	0	0	NA	NA	NA	0	0	0	0	NA	0	0	NA	NA	0	NA	NA	NA	0	NA	NA	0	NA	NA	0	0	0	NA	NA	NA	NA	NA	NA	NA	NA
X-1008	0	0	1	0	0	NA	NA	NA	0	0	0	0	NA	0	0	NA	NA	0	NA	NA	NA	0	NA	NA	0	NA	NA	0	1	0	NA	NA	NA	NA	NA	NA	NA	NA
X-101	NA	NA	0	NA	NA	NA	0	NA	0	0	NA	NA	0	NA	0	NA	NA	NA	NA	NA	NA	NA	NA	NA	NA	NA	NA	NA	NA	NA	NA	NA	NA	NA	NA	NA	NA	NA
X-102	0	0	0	0	NA	NA	1	0	0	0	0	NA	NA	NA	NA	NA	NA	NA	NA	NA	NA	NA	NA	NA	NA	NA	NA	NA	NA	NA	NA	NA	NA	NA	NA	NA	NA	NA
X-1027	NA	0	0	0	0	NA	NA	NA	0	NA	NA	0	NA	NA	0	0	0	0	0	0	0	0	NA	NA	NA	NA	NA	NA	NA	NA	NA	NA	NA	NA	NA	NA	NA	NA
X-105	NA	NA	0	NA	NA	NA	0	NA	0	0	NA	NA	0	NA	0	NA	NA	NA	NA	NA	NA	NA	NA	NA	NA	NA	NA	NA	NA	NA	NA	NA	NA	NA	NA	NA	NA	NA
X-1055	NA	0	0	0	0	NA	NA	NA	0	NA	NA	0	NA	NA	0	1	1	0	1	0	0	0	NA	NA	NA	NA	NA	NA	NA	NA	NA	NA	NA	NA	NA	NA	NA	NA
X-1119	NA	0	0	0	0	NA	NA	NA	0	NA	NA	0	NA	NA	0	1	0	0	0	0	0	0	NA	NA	NA	NA	NA	NA	NA	NA	NA	NA	NA	NA	NA	NA	NA	NA
X-114	NA	0	0	0	1	NA	0	0	0	1	0	0	0	NA	0	NA	NA	NA	NA	NA	NA	NA	NA	NA	NA	NA	NA	NA	NA	NA	NA	NA	NA	NA	NA	NA	NA	NA
X-1156	0	0	0	0	0	NA	0	0	0	NA	0	0	NA	NA	0	NA	0	0	0	NA	NA	NA	NA	NA	NA	NA	NA	NA	0	NA	0	0	NA	NA	NA	NA	NA	NA
X-1167	NA	0	0	0	0	NA	NA	NA	0	NA	NA	0	NA	NA	0	0	0	0	0	0	0	0	NA	NA	NA	NA	NA	NA	NA	NA	NA	NA	NA	NA	NA	NA	NA	NA
X-1172	0	0	0	0	0	NA	0	0	0	NA	0	0	NA	NA	0	NA	0	0	0	NA	NA	NA	NA	NA	NA	NA	NA	NA	0	NA	0	0	NA	NA	NA	NA	NA	NA
X-1173	NA	0	0	0	0	NA	NA	NA	0	NA	NA	0	NA	NA	0	1	0	0	0	0	0	0	NA	NA	NA	NA	NA	NA	NA	NA	NA	NA	NA	NA	NA	NA	NA	NA
X-118	0	0	0	0	0	0	0	0	0	0	0	0	0	0	NA	NA	NA	NA	NA	NA	NA	NA	NA	NA	NA	NA	NA	NA	NA	NA	NA	NA	NA	NA	NA	NA	NA	NA
X-1189	0	1	0	0	1	NA	0	0	1	NA	0	0	NA	NA	1	NA	0	0	0	NA	NA	NA	NA	NA	NA	NA	NA	NA	1	NA	1	0	NA	NA	NA	NA	NA	NA
X-119	1	0	0	0	0	0	1	0	0	0	1	0	1	0	NA	NA	NA	NA	NA	NA	NA	NA	NA	NA	NA	NA	NA	NA	NA	NA	NA	NA	NA	NA	NA	NA	NA	NA
X-1199	NA	1	0	0	NA	0	NA	NA	1	NA	NA	1	NA	NA	0	NA	NA	NA	NA	NA	NA	1	0	1	0	1	1	NA	NA	NA	NA	NA	0	NA	NA	NA	NA	NA
X-1228	0	1	0	0	0	NA	0	0	0	NA	0	0	NA	NA	0	NA	0	0	1	NA	NA	NA	NA	NA	NA	NA	NA	NA	0	NA	0	0	NA	NA	NA	NA	NA	NA
X-127	1	1	0	1	1	0	0	0	1	0	1	1	0	0	NA	NA	NA	NA	NA	NA	NA	NA	NA	NA	NA	NA	NA	NA	NA	NA	NA	NA	NA	NA	NA	NA	NA	NA
X-1270	NA	0	0	0	0	NA	NA	NA	0	NA	NA	0	NA	NA	0	0	0	0	0	0	0	0	NA	NA	NA	NA	NA	NA	NA	NA	NA	NA	NA	NA	NA	NA	NA	NA
X-128	0	0	0	0	1	0	1	0	0	0	0	0	0	0	NA	NA	NA	NA	NA	NA	NA	NA	NA	NA	NA	NA	NA	NA	NA	NA	NA	NA	NA	NA	NA	NA	NA	NA
X-1286	0	1	0	1	0	NA	NA	NA	0	0	0	0	NA	0	0	NA	NA	0	NA	NA	NA	0	NA	NA	0	NA	NA	0	0	0	NA	NA	NA	NA	NA	NA	NA	NA
X-1289	NA	0	0	0	1	0	NA	NA	0	NA	NA	NA	NA	NA	0	NA	NA	NA	NA	NA	NA	1	0	1	0	1	1	NA	NA	NA	NA	NA	0	NA	NA	NA	NA	NA
X-129	0	1	0	0	0	0	0	0	0	0	0	0	0	0	0	NA	NA	NA	NA	NA	NA	NA	NA	NA	NA	NA	NA	NA	NA	NA	NA	NA	NA	NA	NA	NA	NA	NA
X-1290	NA	0	0	0	0	NA	NA	NA	0	NA	NA	0	NA	NA	0	0	1	0	0	0	0	0	NA	NA	NA	NA	NA	NA	NA	NA	NA	NA	NA	NA	NA	NA	NA	NA
X-1298	0	1	0	0	0	NA	NA	NA	0	0	0	0	NA	0	0	NA	NA	0	NA	NA	NA	0	NA	NA	0	NA	NA	0	0	0	NA	NA	NA	NA	NA	NA	NA	NA
X-1303	NA	0	0	0	0	NA	NA	NA	0	NA	NA	0	NA	NA	0	0	1	0	1	0	0	0	NA	NA	NA	NA	NA	NA	NA	NA	NA	NA	NA	NA	NA	NA	NA	NA
X-131	0	0	0	0	0	0	0	0	0	0	0	0	0	0	NA	NA	NA	NA	NA	NA	NA	NA	NA	NA	NA	NA	NA	NA	NA	NA	NA	NA	NA	NA	NA	NA	NA	NA
X-1317	NA	NA	NA	NA	NA	0	NA	NA	0	NA	NA	1	NA	NA	0	NA	NA	NA	NA	NA	NA	NA	NA	0	NA	1	NA	NA	NA	NA	NA	NA	NA	NA	NA	NA	NA	NA
X-1323	0	0	0	0	0	NA	1	0	0	NA	0	0	NA	NA	0	NA	0	0	0	NA	NA	NA	NA	NA	NA	NA	NA	NA	0	NA	0	0	NA	NA	NA	NA	NA	NA
X-1329	NA	0	0	0	0	NA	NA	NA	0	NA	NA	0	NA	NA	0	0	0	0	0	0	0	0	NA	NA	NA	NA	NA	NA	NA	NA	NA	NA	NA	NA	NA	NA	NA	NA
X-135	NA	NA	1	NA	NA	NA	0	NA	0	0	NA	NA	0	NA	0	NA	NA	NA	NA	NA	NA	NA	NA	NA	NA	NA	NA	NA	NA	NA	NA	NA	NA	NA	NA	NA	NA	NA
X-136	NA	NA	0	NA	NA	NA	0	NA	0	0	NA	NA	1	NA	0	NA	NA	NA	NA	NA	NA	NA	NA	NA	NA	NA	NA	NA	NA	NA	NA	NA	NA	NA	NA	NA	NA	NA
X-1362	NA	0	0	0	0	0	NA	NA	0	NA	NA	1	NA	NA	0	NA	NA	NA	NA	NA	NA	0	0	0	0	0	1	NA	NA	NA	NA	NA	0	NA	NA	NA	NA	NA
X-137	NA	NA	0	NA	NA	NA	0	NA	0	0	NA	NA	0	NA	0	NA	NA	NA	NA	NA	NA	NA	NA	NA	NA	NA	NA	NA	NA	NA	NA	NA	NA	NA	NA	NA	NA	NA
X-1371	0	0	0	0	0	NA	NA	NA	0	0	0	0	NA	0	0	NA	NA	0	NA	NA	NA	0	NA	NA	0	NA	NA	0	0	0	NA	NA	NA	NA	NA	NA	NA	NA
X-138	0	0	0	1	0	0	0	0	0	0	0	0	0	0	NA	NA	NA	NA	NA	NA	NA	NA	NA	NA	NA	NA	NA	NA	NA	NA	NA	NA	NA	NA	NA	NA	NA	NA
X-1383	0	0	0	1	1	NA	NA	NA	0	0	0	0	NA	0	0	NA	NA	0	NA	NA	NA	0	NA	NA	0	NA	NA	0	1	0	NA	NA	NA	NA	NA	NA	NA	NA
X-1407	0	0	0	0	0	NA	NA	NA	0	0	0	1	NA	0	0	NA	NA	0	NA	NA	NA	0	NA	NA	0	NA	NA	0	0	0	NA	NA	NA	NA	NA	NA	NA	NA
X-141	NA	NA	0	NA	NA	NA	0	NA	0	0	NA	NA	0	NA	0	NA	NA	NA	NA	NA	NA	NA	NA	NA	NA	NA	NA	NA	NA	NA	NA	NA	NA	NA	NA	NA	NA	NA
X-142	NA	NA	0	NA	NA	NA	0	NA	0	0	NA	NA	0	NA	0	NA	NA	NA	NA	NA	NA	NA	NA	NA	NA	NA	NA	NA	NA	NA	NA	NA	NA	NA	NA	NA	NA	NA
X-144	NA	NA	NA	NA	NA	NA	0	NA	0	0	NA	NA	0	NA	0	NA	NA	NA	NA	NA	NA	NA	NA	NA	NA	NA	NA	NA	NA	NA	NA	NA	NA	NA	NA	NA	NA	NA
X-1441	NA	1	0	0	0	NA	NA	NA	0	NA	NA	0	NA	NA	0	0	0	0	0	0	0	0	NA	NA	NA	NA	NA	NA	NA	NA	NA	NA	NA	NA	NA	NA	NA	NA
X-1442	0	0	0	0	0	NA	0	0	0	NA	0	0	NA	NA	0	NA	0	0	0	NA	NA	NA	NA	NA	NA	NA	NA	NA	0	NA	1	0	NA	NA	NA	NA	NA	NA
X-1443	NA	0	0	0	0	NA	NA	NA	0	NA	NA	1	NA	NA	0	0	1	0	0	0	0	0	NA	NA	NA	NA	NA	NA	NA	NA	NA	NA	NA	NA	NA	NA	NA	NA
X-146	NA	NA	0	NA	NA	NA	1	NA	0	1	NA	NA	NA	NA	0	NA	NA	NA	NA	NA	NA	NA	NA	NA	NA	NA	NA	NA	NA	NA	NA	NA	NA	NA	NA	NA	NA	NA
X-1468	0	0	0	0	0	NA	NA	NA	0	0	0	0	NA	0	0	NA	NA	0	NA	NA	NA	0	NA	NA	0	NA	NA	0	0	0	NA	NA	NA	NA	NA	NA	NA	NA
X-1479	NA	0	0	0	0	NA	NA	NA	0	NA	NA	0	NA	NA	0	0	1	0	1	0	0	0	NA	NA	NA	NA	NA	NA	NA	NA	NA	NA	NA	NA	NA	NA	NA	NA
X-1499	0	0	0	0	0	NA	0	0	0	NA	0	0	NA	NA	0	NA	0	1	0	NA	NA	NA	NA	NA	NA	NA	NA	NA	0	NA	0	0	NA	NA	NA	NA	NA	NA
X-1500	NA	1	0	1	0	NA	NA	NA	0	NA	NA	0	NA	NA	0	0	1	0	0	0	0	0	NA	NA	NA	NA	NA	NA	NA	NA	NA	NA	NA	NA	NA	NA	NA	NA
X-152	NA	NA	0	NA	NA	NA	0	NA	1	NA	NA	NA	NA	NA	NA	NA	NA	NA	NA	NA	NA	NA	NA	NA	NA	NA	NA	NA	NA	NA	NA	NA	NA	NA	NA	NA	NA	NA
X-1536	NA	0	0	0	0	NA	NA	NA	1	NA	NA	1	NA	NA	0	0	0	NA	0	0	0	0	NA	NA	NA	NA	NA	NA	NA	NA	NA	NA	NA	NA	NA	NA	NA	NA
X-1538	NA	NA	1	1	NA	NA	NA	NA	1	NA	NA	NA	NA	NA	0	NA	0	NA	NA	0	NA	NA	NA	NA	NA	NA	NA	NA	NA	NA	NA	NA	NA	NA	NA	NA	NA	NA
X-154	0	0	0	0	0	0	0	0	0	0	NA	0	0	0	0	NA	NA	NA	NA	NA	NA	NA	NA	NA	NA	NA	NA	NA	NA	NA	NA	NA	NA	NA	NA	NA	NA	NA
X-158	0	0	0	0	0	0	0	0	0	0	0	0	0	0	0	NA	NA	NA	NA	NA	NA	NA	NA	NA	NA	NA	NA	NA	NA	NA	NA	NA	NA	NA	NA	NA	NA	NA
X-1586	0	0	0	0	1	NA	1	0	0	NA	0	0	NA	NA	0	NA	0	0	0	NA	NA	NA	NA	NA	NA	NA	NA	NA	0	NA	1	0	NA	NA	NA	NA	NA	NA
X-160	0	0	0	0	0	0	0	0	0	0	0	0	0	NA	NA	NA	NA	NA	NA	NA	NA	NA	NA	NA	NA	NA	NA	NA	NA	NA	NA	NA	NA	NA	NA	NA	NA	NA
X-1600	0	0	0	0	0	NA	NA	NA	0	0	0	0	NA	0	0	NA	NA	0	NA	NA	NA	0	NA	NA	0	NA	NA	0	0	0	NA	NA	NA	NA	NA	NA	NA	NA
X-161	0	0	0	0	0	0	0	0	0	0	0	1	0	0	0	NA	NA	NA	NA	NA	NA	NA	NA	NA	NA	NA	NA	NA	NA	NA	NA	NA	NA	NA	NA	NA	NA	NA
X-162	NA	NA	0	NA	NA	NA	0	NA	0	NA	NA	NA	0	NA	0	NA	NA	NA	NA	NA	NA	NA	NA	NA	NA	NA	NA	NA	NA	NA	NA	NA	NA	NA	NA	NA	NA	NA
X-1631	0	0	0	0	0	NA	NA	NA	0	0	0	0	NA	0	0	NA	NA	0	NA	NA	NA	0	NA	NA	NA	NA	NA	0	0	0	NA	NA	NA	NA	NA	NA	NA	NA
X-165	0	1	0	NA	0	NA	0	0	NA	0	NA	0	0	NA	NA	NA	NA	NA	NA	NA	NA	NA	NA	NA	NA	NA	NA	NA	NA	NA	NA	NA	NA	NA	NA	NA	NA	NA
X-1655	NA	0	NA	0	NA	NA	NA	NA	0	NA	NA	0	NA	NA	0	NA	NA	0	NA	0	NA	NA	NA	NA	NA	NA	NA	NA	NA	NA	NA	NA	0	0	0	0	0	0
X-1658	0	0	1	0	0	NA	0	0	0	NA	0	0	NA	NA	0	NA	0	0	0	NA	NA	NA	NA	NA	NA	NA	NA	NA	0	NA	1	0	NA	NA	NA	NA	NA	NA
X-166	0	0	0	1	0	0	0	0	0	0	0	0	1	0	0	NA	NA	NA	NA	NA	NA	NA	NA	NA	NA	NA	NA	NA	NA	NA	NA	NA	NA	NA	NA	NA	NA	NA
X-1683	1	0	1	0	0	NA	1	0	0	NA	0	0	NA	NA	0	NA	0	0	1	NA	NA	NA	NA	NA	NA	NA	NA	NA	0	NA	1	0	NA	NA	NA	NA	NA	NA
X-169	NA	NA	1	NA	NA	NA	1	NA	NA	1	NA	NA	1	NA	0	NA	NA	NA	NA	NA	NA	NA	NA	NA	NA	NA	NA	NA	NA	NA	NA	NA	NA	NA	NA	NA	NA	NA
X-171	0	0	0	0	0	0	0	1	0	0	0	0	0	0	0	NA	NA	NA	NA	NA	NA	NA	NA	NA	NA	NA	NA	NA	NA	NA	NA	NA	NA	NA	NA	NA	NA	NA
X-1725	0	0	0	0	1	NA	1	0	0	NA	0	0	NA	NA	0	NA	0	0	0	NA	NA	NA	NA	NA	NA	NA	NA	NA	0	NA	1	0	NA	NA	NA	NA	NA	NA
X-177	NA	NA	NA	NA	NA	NA	0	NA	0	0	NA	NA	0	NA	0	NA	NA	NA	NA	NA	NA	NA	NA	NA	NA	NA	NA	NA	NA	NA	NA	NA	NA	NA	NA	NA	NA	NA
X-1787	0	0	0	0	0	NA	0	0	0	NA	0	0	NA	NA	0	NA	0	0	1	NA	NA	NA	NA	NA	NA	NA	NA	NA	0	NA	0	0	NA	NA	NA	NA	NA	NA
X-1823	0	0	0	0	0	NA	0	0	0	NA	0	0	NA	NA	1	NA	0	0	0	NA	NA	NA	NA	NA	NA	NA	NA	NA	0	NA	0	0	NA	NA	NA	NA	NA	NA
X-1828	0	0	0	0	0	NA	NA	NA	0	1	0	0	NA	0	0	NA	NA	0	NA	NA	NA	0	NA	NA	0	NA	NA	0	0	0	NA	NA	NA	NA	NA	NA	NA	NA
X-1832	0	0	0	0	0	NA	NA	NA	0	0	0	0	NA	0	0	NA	NA	0	NA	NA	NA	0	NA	NA	0	NA	NA	0	0	0	NA	NA	NA	NA	NA	NA	NA	NA
X-1834	0	0	0	1	0	NA	1	0	0	NA	0	0	NA	NA	0	NA	0	0	1	NA	NA	NA	NA	NA	NA	NA	NA	NA	0	NA	0	0	NA	NA	NA	NA	NA	NA
X-1835	0	0	0	0	0	NA	1	0	1	NA	0	1	NA	NA	0	NA	0	0	1	NA	NA	NA	NA	NA	NA	NA	NA	NA	0	NA	0	0	NA	NA	NA	NA	NA	NA
X-1855	NA	0	0	NA	0	NA	NA	NA	0	NA	NA	1	NA	NA	0	0	0	0	0	0	0	0	NA	NA	NA	NA	NA	NA	NA	NA	NA	NA	NA	NA	NA	NA	NA	NA
X-1869	0	1	0	0	0	NA	1	0	1	NA	0	0	NA	NA	0	NA	0	0	1	NA	NA	NA	NA	NA	NA	NA	NA	NA	0	NA	0	0	NA	NA	NA	NA	NA	NA
X-1870	0	0	0	0	1	NA	1	NA	0	NA	0	0	NA	NA	0	NA	0	0	0	NA	NA	NA	NA	NA	NA	NA	NA	NA	0	NA	0	1	NA	NA	NA	NA	NA	NA
X-1906	NA	0	NA	0	NA	NA	NA	NA	0	NA	NA	0	NA	NA	0	NA	NA	0	NA	0	NA	NA	NA	NA	NA	NA	NA	NA	NA	NA	NA	NA	0	0	0	0	0	0
X-1916	0	0	0	0	0	NA	NA	NA	0	0	0	0	NA	0	0	NA	NA	0	NA	NA	NA	0	NA	NA	0	NA	NA	0	0	0	NA	NA	NA	NA	NA	NA	NA	NA
X-1921	0	0	0	0	0	NA	NA	NA	0	0	0	0	NA	0	0	NA	NA	0	NA	NA	NA	0	NA	NA	0	NA	NA	0	0	0	NA	NA	NA	NA	NA	NA	NA	NA
X-1934	0	0	0	0	0	NA	0	0	0	NA	0	0	NA	NA	0	NA	0	0	0	NA	NA	NA	NA	NA	NA	NA	NA	NA	0	NA	0	0	NA	NA	NA	NA	NA	NA
X-1948	NA	0	1	0	0	1	NA	NA	0	NA	NA	1	NA	NA	0	NA	NA	NA	NA	NA	NA	0	0	0	0	0	0	NA	NA	NA	NA	NA	0	NA	NA	NA	NA	NA
X-1959	NA	NA	NA	NA	NA	NA	NA	NA	0	NA	NA	1	NA	NA	NA	NA	NA	NA	NA	NA	NA	NA	NA	0	NA	NA	NA	NA	NA	NA	NA	NA	NA	NA	NA	NA	NA	NA
X-1980	0	0	0	0	0	NA	0	0	0	NA	0	0	NA	NA	0	NA	1	0	0	NA	NA	NA	NA	NA	NA	NA	NA	NA	0	NA	0	0	NA	NA	NA	NA	NA	NA
X-1993	0	0	0	0	0	NA	0	0	0	NA	0	1	NA	NA	0	NA	0	0	1	NA	NA	NA	NA	NA	NA	NA	NA	NA	0	NA	0	0	NA	NA	NA	NA	NA	NA
X-2017	0	0	0	0	0	NA	0	0	0	NA	0	1	NA	NA	0	NA	0	0	0	NA	NA	NA	NA	NA	NA	NA	NA	NA	0	NA	0	0	NA	NA	NA	NA	NA	NA
X-2026	NA	0	0	0	0	NA	NA	NA	NA	NA	NA	0	NA	NA	0	NA	NA	NA	NA	NA	NA	0	NA	1	0	NA	0	NA	NA	NA	NA	NA	0	NA	NA	NA	NA	NA
X-2042	0	0	0	0	0	NA	1	0	0	NA	0	1	NA	NA	0	NA	0	0	1	NA	NA	NA	NA	NA	NA	NA	NA	NA	0	NA	1	0	NA	NA	NA	NA	NA	NA
X-2043	NA	0	0	0	0	0	NA	NA	0	NA	NA	1	NA	NA	0	NA	NA	NA	NA	NA	NA	0	0	1	0	0	NA	NA	NA	NA	NA	NA	NA	NA	NA	NA	NA	NA
X-2081	NA	0	0	0	0	0	NA	NA	0	NA	NA	0	NA	NA	0	NA	NA	NA	NA	NA	NA	0	NA	0	NA	0	0	NA	NA	NA	NA	NA	0	NA	NA	NA	NA	NA
X-2082	0	0	0	0	0	NA	0	0	1	NA	0	0	NA	NA	0	NA	0	0	0	NA	NA	NA	NA	NA	NA	NA	NA	NA	0	NA	0	0	NA	NA	NA	NA	NA	NA
X-2088	0	0	0	0	0	NA	0	0	0	NA	1	0	NA	NA	0	NA	0	0	0	NA	NA	NA	NA	NA	NA	NA	NA	NA	NA	NA	0	1	NA	NA	NA	NA	NA	NA
X-2094	0	0	0	0	0	NA	0	0	0	NA	0	1	NA	NA	0	NA	0	0	0	NA	NA	NA	NA	NA	NA	NA	NA	NA	0	NA	0	0	NA	NA	NA	NA	NA	NA
X-2145	NA	0	0	1	0	NA	NA	NA	0	NA	NA	0	NA	NA	0	0	0	0	0	0	0	0	NA	NA	NA	NA	NA	NA	NA	NA	NA	NA	NA	NA	NA	NA	NA	NA
X-2163	NA	0	NA	0	NA	NA	NA	NA	1	NA	NA	0	NA	NA	0	NA	NA	0	NA	0	NA	NA	NA	NA	NA	NA	NA	NA	NA	NA	NA	NA	0	1	0	0	0	1
X-2182	NA	0	0	0	0	NA	NA	NA	0	NA	NA	0	NA	NA	0	0	0	0	0	0	0	0	NA	NA	NA	NA	NA	NA	NA	NA	NA	NA	NA	NA	NA	NA	NA	NA
X-2195	0	0	0	0	1	NA	NA	NA	1	0	0	0	NA	0	0	NA	NA	1	NA	NA	NA	0	NA	NA	0	NA	NA	0	0	0	NA	NA	NA	NA	NA	NA	NA	NA
X-2220	NA	NA	NA	NA	NA	0	NA	NA	NA	NA	NA	NA	NA	NA	0	NA	NA	NA	NA	NA	NA	0	NA	NA	NA	NA	0	NA	NA	NA	NA	NA	0	NA	NA	NA	NA	NA
X-2239	NA	NA	0	0	NA	NA	NA	NA	0	NA	NA	0	NA	NA	0	0	0	NA	NA	0	0	NA	NA	NA	NA	NA	NA	NA	NA	NA	NA	NA	NA	NA	NA	NA	NA	NA
X-2283	NA	0	0	0	0	NA	NA	NA	0	NA	NA	NA	NA	NA	NA	NA	NA	NA	NA	NA	NA	0	0	0	0	0	0	NA	NA	NA	NA	NA	0	NA	NA	NA	NA	NA
X-2306	NA	0	NA	0	NA	NA	NA	NA	0	NA	NA	0	NA	NA	0	NA	NA	1	NA	0	NA	NA	NA	NA	NA	NA	NA	NA	NA	NA	NA	NA	0	0	0	0	0	0
X-2339	NA	0	0	0	0	0	NA	NA	0	NA	NA	1	NA	NA	0	NA	NA	NA	NA	NA	NA	0	0	0	0	1	0	NA	NA	NA	NA	NA	1	NA	NA	NA	NA	NA
X-2344	0	1	0	0	0	NA	NA	NA	0	1	0	0	NA	0	0	NA	NA	0	NA	NA	NA	0	NA	NA	0	NA	NA	0	0	0	NA	NA	NA	NA	NA	NA	NA	NA
X-2353	0	0	0	0	0	NA	NA	NA	0	0	0	0	NA	0	0	NA	NA	0	NA	NA	NA	0	NA	NA	0	NA	NA	0	0	0	NA	NA	NA	NA	NA	NA	NA	NA
X-2374	NA	0	0	0	0	NA	NA	NA	1	NA	NA	0	NA	NA	0	0	0	NA	1	0	0	0	NA	NA	NA	NA	NA	NA	NA	NA	NA	NA	NA	NA	NA	NA	NA	NA
X-2403	NA	0	0	1	0	NA	NA	NA	0	NA	NA	0	NA	NA	0	0	0	0	0	0	0	0	NA	NA	NA	NA	NA	NA	NA	NA	NA	NA	NA	NA	NA	NA	NA	NA
X-2428	NA	0	0	0	0	0	NA	NA	0	NA	NA	1	NA	NA	1	NA	NA	NA	NA	NA	NA	0	0	0	0	1	0	NA	NA	NA	NA	NA	0	NA	NA	NA	NA	NA
X-2470	NA	0	0	0	NA	0	NA	NA	0	NA	NA	NA	NA	NA	0	NA	NA	NA	NA	NA	NA	0	0	NA	0	0	0	NA	NA	NA	NA	NA	0	NA	NA	NA	NA	NA
X-2483	NA	0	0	0	0	NA	NA	NA	0	NA	NA	0	NA	NA	0	0	0	0	0	0	0	0	NA	NA	NA	NA	NA	NA	NA	NA	NA	NA	NA	NA	NA	NA	NA	NA
X-2484	NA	0	0	0	0	NA	NA	NA	0	NA	NA	0	NA	NA	0	0	0	0	0	0	0	0	NA	NA	NA	NA	NA	NA	NA	NA	NA	NA	NA	NA	NA	NA	NA	NA
X-2487	0	0	0	0	0	NA	NA	NA	0	0	0	0	NA	0	0	NA	NA	0	NA	NA	NA	0	NA	NA	0	NA	NA	0	0	0	NA	NA	NA	NA	NA	NA	NA	NA
X-2524	0	0	0	0	0	NA	NA	NA	0	0	0	0	NA	0	0	NA	NA	0	NA	NA	NA	0	NA	NA	0	NA	NA	0	0	0	NA	NA	NA	NA	NA	NA	NA	NA
X-2538	NA	0	0	1	0	NA	NA	NA	0	NA	NA	0	NA	NA	0	0	0	0	0	0	0	0	NA	NA	NA	NA	NA	NA	NA	NA	NA	NA	NA	NA	NA	NA	NA	NA
X-2564	NA	0	0	0	0	0	NA	NA	0	NA	NA	0	NA	NA	0	NA	NA	NA	NA	NA	NA	1	0	0	0	0	0	NA	NA	NA	NA	NA	0	NA	NA	NA	NA	NA
X-2573	NA	0	0	0	0	NA	NA	NA	0	NA	NA	0	NA	NA	0	0	1	0	0	0	0	0	NA	NA	NA	NA	NA	NA	NA	NA	NA	NA	NA	NA	NA	NA	NA	NA
X-2602	NA	0	NA	NA	NA	NA	NA	NA	0	NA	NA	0	NA	NA	0	NA	NA	0	NA	0	NA	NA	NA	NA	NA	NA	NA	NA	NA	NA	NA	NA	0	0	0	0	0	0
X-2613	NA	0	NA	0	NA	NA	NA	NA	0	NA	NA	1	NA	NA	0	NA	NA	0	NA	0	NA	NA	NA	NA	NA	NA	NA	NA	NA	NA	NA	NA	0	0	0	0	0	0
X-2633	NA	0	0	0	0	0	NA	NA	0	NA	NA	1	NA	NA	0	NA	NA	NA	NA	NA	NA	0	0	0	NA	0	0	NA	NA	NA	NA	NA	0	NA	NA	NA	NA	NA
X-2640	1	1	0	0	0	NA	NA	NA	0	0	1	0	NA	0	0	NA	NA	0	NA	NA	NA	0	NA	NA	0	NA	NA	0	0	0	NA	NA	NA	NA	NA	NA	NA	NA
X-2659	NA	0	0	0	0	NA	NA	NA	0	NA	NA	0	NA	NA	0	0	0	0	0	0	0	1	NA	NA	NA	NA	NA	NA	NA	NA	NA	NA	NA	NA	NA	NA	NA	NA
X-2684	NA	0	0	0	0	0	NA	NA	0	NA	NA	0	NA	NA	0	NA	NA	NA	NA	NA	NA	0	0	NA	0	0	0	NA	NA	NA	NA	NA	0	NA	NA	NA	NA	NA
X-2700	NA	0	NA	0	NA	NA	NA	NA	0	NA	NA	0	NA	NA	0	NA	NA	0	NA	0	NA	NA	NA	NA	NA	NA	NA	NA	NA	NA	NA	NA	0	0	0	0	0	0
X-2723	NA	0	NA	0	NA	NA	NA	NA	0	NA	NA	0	NA	NA	0	NA	NA	0	NA	0	NA	NA	NA	NA	NA	NA	NA	NA	NA	NA	NA	NA	0	0	0	0	0	0
X-2753	NA	0	NA	0	NA	NA	NA	NA	0	NA	NA	0	NA	NA	0	NA	NA	1	NA	0	NA	NA	NA	NA	NA	NA	NA	NA	NA	NA	NA	NA	0	0	0	0	0	0
X-2780	0	0	0	0	0	NA	NA	NA	0	0	1	0	NA	0	0	NA	NA	0	NA	NA	NA	0	NA	NA	0	NA	NA	0	0	0	NA	NA	NA	NA	NA	NA	NA	NA
X-2822	NA	0	0	0	0	NA	NA	NA	0	NA	NA	0	NA	NA	0	0	0	0	0	0	0	0	NA	NA	NA	NA	NA	NA	NA	NA	NA	NA	NA	NA	NA	NA	NA	NA
X-2838	NA	0	NA	0	NA	NA	NA	NA	0	NA	NA	0	NA	NA	0	NA	NA	0	NA	0	NA	NA	NA	NA	NA	NA	NA	NA	NA	NA	NA	NA	0	0	0	0	0	1
X-2846	NA	0	0	0	0	NA	NA	NA	0	NA	NA	0	NA	NA	0	0	1	0	1	0	0	0	NA	NA	NA	NA	NA	NA	NA	NA	NA	NA	NA	NA	NA	NA	NA	NA
X-2861	NA	0	0	0	0	NA	NA	NA	0	NA	NA	0	NA	NA	0	0	0	0	0	0	0	0	NA	NA	NA	NA	NA	NA	NA	NA	NA	NA	NA	NA	NA	NA	NA	NA
X-2921	NA	0	NA	0	NA	NA	NA	NA	0	NA	NA	0	NA	NA	0	NA	NA	0	NA	0	NA	NA	NA	NA	NA	NA	NA	NA	NA	NA	NA	NA	0	0	0	0	0	0
X-2992	NA	0	NA	0	NA	NA	NA	NA	0	NA	NA	0	NA	NA	0	NA	NA	0	NA	0	NA	NA	NA	NA	NA	NA	NA	NA	NA	NA	NA	NA	0	0	0	0	0	0
X-2997	NA	0	0	0	0	0	NA	NA	0	NA	NA	0	NA	NA	0	NA	NA	NA	NA	NA	NA	0	0	NA	0	0	0	NA	NA	NA	NA	NA	NA	NA	NA	NA	NA	NA
X-3028	NA	0	0	0	0	0	NA	NA	0	NA	NA	0	NA	NA	0	NA	NA	NA	NA	NA	NA	0	0	NA	0	0	0	NA	NA	NA	NA	NA	1	NA	NA	NA	NA	NA
X-3029	0	1	0	0	0	NA	1	0	0	NA	0	1	NA	NA	0	NA	1	1	1	NA	NA	NA	NA	NA	NA	NA	NA	NA	0	NA	1	0	NA	NA	NA	NA	NA	NA
X-3038	NA	0	0	0	0	0	NA	NA	0	NA	NA	0	NA	NA	0	NA	NA	NA	NA	NA	NA	0	0	NA	0	0	1	NA	NA	NA	NA	NA	0	NA	NA	NA	NA	NA
X-3052	NA	0	0	0	0	0	NA	NA	1	NA	NA	0	NA	NA	0	NA	NA	NA	NA	NA	NA	0	0	0	0	0	0	NA	NA	NA	NA	NA	0	NA	NA	NA	NA	NA
X-3077	1	1	1	0	0	NA	NA	NA	0	0	1	0	NA	0	0	NA	NA	0	NA	NA	NA	0	NA	NA	0	NA	NA	0	0	0	NA	NA	NA	NA	NA	NA	NA	NA
X-3078	0	0	1	0	1	NA	NA	NA	0	0	0	0	NA	0	0	NA	NA	0	NA	NA	NA	0	NA	NA	0	NA	NA	0	0	0	NA	NA	NA	NA	NA	NA	NA	NA
X-3093	NA	0	0	0	0	NA	NA	NA	0	NA	NA	1	NA	NA	0	0	0	0	1	0	0	0	NA	NA	NA	NA	NA	NA	NA	NA	NA	NA	NA	NA	NA	NA	NA	NA
X-3127	NA	0	NA	0	NA	NA	NA	NA	0	NA	NA	0	NA	NA	0	NA	NA	0	NA	0	NA	NA	NA	NA	NA	NA	NA	NA	NA	NA	NA	NA	0	1	0	0	0	0
X-3201	0	0	0	0	0	NA	NA	NA	0	0	0	0	NA	0	0	NA	NA	0	NA	NA	NA	0	NA	NA	0	NA	NA	0	0	0	NA	NA	NA	NA	NA	NA	NA	NA
X-3205	NA	0	0	0	0	NA	NA	NA	0	NA	NA	0	NA	NA	0	0	0	0	1	0	0	0	NA	NA	NA	NA	NA	NA	NA	NA	NA	NA	NA	NA	NA	NA	NA	NA
X-3209	NA	1	NA	NA	NA	NA	NA	NA	0	NA	NA	1	NA	NA	NA	NA	NA	NA	NA	NA	NA	NA	0	0	0	NA	NA	NA	NA	NA	NA	NA	NA	NA	NA	NA	NA	NA
X-3211	NA	0	NA	0	NA	NA	NA	NA	1	NA	NA	0	NA	NA	0	NA	NA	1	NA	0	NA	NA	NA	NA	NA	NA	NA	NA	NA	NA	NA	NA	0	1	1	0	1	0
X-3224	NA	0	0	0	0	NA	NA	NA	0	NA	NA	0	NA	NA	0	0	0	0	0	0	0	0	NA	NA	NA	NA	NA	NA	NA	NA	NA	NA	NA	NA	NA	NA	NA	NA
X-3237	0	0	0	0	0	NA	0	0	0	NA	0	0	NA	NA	0	NA	0	0	0	NA	NA	NA	NA	NA	NA	NA	NA	NA	0	NA	0	0	NA	NA	NA	NA	NA	NA
X-3267	NA	0	0	0	0	NA	NA	NA	0	NA	NA	1	NA	NA	0	1	0	0	1	0	0	0	NA	NA	NA	NA	NA	NA	NA	NA	NA	NA	NA	NA	NA	NA	NA	NA
X-3268	NA	0	0	0	0	0	NA	NA	0	NA	NA	1	NA	NA	0	NA	NA	NA	NA	NA	NA	0	0	0	0	0	0	NA	NA	NA	NA	NA	0	NA	NA	NA	NA	NA
X-3298	0	0	0	0	0	NA	NA	NA	0	0	0	0	NA	0	0	NA	NA	0	NA	NA	NA	0	NA	NA	0	NA	NA	0	1	0	NA	NA	NA	NA	NA	NA	NA	NA
X-3450	0	1	0	1	0	NA	NA	NA	1	1	0	0	NA	0	0	NA	NA	0	NA	NA	NA	0	NA	NA	0	NA	NA	0	0	0	NA	NA	NA	NA	NA	NA	NA	NA
X-3468	0	1	0	0	0	NA	NA	NA	0	0	0	0	NA	0	0	NA	NA	0	NA	NA	NA	0	NA	NA	0	NA	NA	0	0	0	NA	NA	NA	NA	NA	NA	NA	NA
X-3483	NA	0	NA	NA	NA	NA	NA	NA	1	NA	NA	0	NA	NA	0	NA	NA	1	NA	0	NA	NA	NA	NA	NA	NA	NA	NA	NA	NA	NA	NA	0	1	0	0	0	1
X-3486	NA	0	NA	NA	NA	NA	NA	NA	0	NA	NA	0	NA	NA	0	NA	NA	0	NA	0	NA	NA	NA	NA	NA	NA	NA	NA	NA	NA	NA	NA	0	0	0	0	0	0
X-3503	NA	0	NA	NA	NA	NA	NA	NA	0	NA	NA	0	NA	NA	0	NA	NA	0	NA	0	NA	NA	NA	NA	NA	NA	NA	NA	NA	NA	NA	NA	0	0	0	0	0	0
X-3671	NA	NA	NA	NA	NA	NA	NA	NA	NA	NA	NA	0	NA	NA	0	0	1	NA	NA	NA	NA	NA	NA	NA	NA	NA	NA	NA	NA	NA	NA	NA	NA	NA	NA	NA	NA	NA
X-3676	NA	0	NA	NA	NA	NA	NA	NA	0	NA	NA	0	NA	NA	0	NA	NA	0	NA	0	NA	NA	NA	NA	NA	NA	NA	NA	NA	NA	NA	NA	0	0	0	0	0	0
X-3697	0	1	0	1	0	NA	NA	NA	0	0	0	0	NA	0	0	NA	NA	0	NA	NA	NA	0	NA	NA	0	NA	NA	0	0	0	NA	NA	NA	NA	NA	NA	NA	NA
X-3746	NA	0	NA	NA	NA	NA	NA	NA	0	NA	NA	0	NA	NA	0	NA	NA	0	NA	0	NA	NA	NA	NA	NA	NA	NA	NA	NA	NA	NA	NA	0	0	0	0	0	0
X-3773	NA	0	NA	0	NA	NA	NA	NA	0	NA	NA	0	NA	NA	0	NA	NA	0	NA	0	NA	NA	NA	NA	NA	NA	NA	NA	NA	NA	NA	NA	0	0	0	1	0	0
X-3782	NA	NA	NA	0	NA	0	NA	NA	0	NA	NA	1	NA	NA	0	NA	NA	NA	NA	NA	NA	NA	0	0	0	1	1	NA	NA	NA	NA	NA	0	NA	NA	NA	NA	NA
X-3792	NA	0	0	0	0	NA	NA	NA	0	NA	NA	0	NA	NA	0	0	0	0	0	0	0	0	NA	NA	NA	NA	NA	NA	NA	NA	NA	NA	NA	NA	NA	NA	NA	NA
X-3800	NA	1	0	0	0	0	NA	NA	1	NA	NA	1	NA	NA	0	NA	NA	NA	NA	NA	NA	0	0	1	0	NA	1	NA	NA	NA	NA	NA	0	NA	NA	NA	NA	NA
X-3816	NA	0	0	0	0	0	NA	NA	0	NA	NA	1	NA	NA	0	NA	NA	NA	NA	NA	NA	0	0	0	0	0	1	NA	NA	NA	NA	NA	0	NA	NA	NA	NA	NA
X-3843	0	0	0	0	0	NA	0	0	0	NA	0	0	NA	NA	0	NA	0	0	0	NA	NA	NA	NA	NA	NA	NA	NA	NA	0	NA	0	0	NA	NA	NA	NA	NA	NA
X-3846	NA	0	0	0	0	0	NA	NA	NA	NA	NA	0	NA	NA	0	NA	NA	NA	NA	NA	NA	0	0	0	0	0	0	NA	NA	NA	NA	NA	0	NA	NA	NA	NA	NA
X-3851	NA	0	NA	0	NA	NA	NA	NA	1	NA	NA	0	NA	NA	0	NA	NA	0	NA	0	NA	NA	NA	NA	NA	NA	NA	NA	NA	NA	NA	NA	0	0	0	0	0	0
X-3873	0	1	0	1	0	NA	NA	NA	1	0	0	0	NA	0	0	NA	NA	1	NA	NA	NA	0	NA	NA	1	NA	NA	0	1	0	NA	NA	NA	NA	NA	NA	NA	NA
X-3880	NA	0	NA	NA	NA	NA	NA	NA	0	NA	NA	0	NA	NA	0	NA	NA	0	NA	0	NA	NA	NA	NA	NA	NA	NA	NA	NA	NA	NA	NA	0	0	1	0	0	0
X-3898	NA	0	1	NA	0	0	NA	NA	0	NA	NA	0	NA	NA	0	NA	NA	NA	NA	NA	NA	0	0	0	0	0	0	NA	NA	NA	NA	NA	0	NA	NA	NA	NA	NA
X-3947	NA	0	0	0	0	0	NA	NA	0	NA	NA	0	NA	NA	0	NA	NA	NA	NA	NA	NA	0	0	1	0	0	0	NA	NA	NA	NA	NA	0	NA	NA	NA	NA	NA
X-3990	NA	0	0	0	0	0	NA	NA	0	NA	NA	1	NA	NA	0	NA	NA	NA	NA	NA	NA	0	0	1	0	0	0	NA	NA	NA	NA	NA	0	NA	NA	NA	NA	NA
X-4015	NA	NA	0	0	0	0	NA	NA	NA	NA	NA	0	NA	NA	0	NA	NA	NA	NA	NA	NA	0	0	1	0	NA	NA	NA	NA	NA	NA	NA	0	NA	NA	NA	NA	NA
X-4018	NA	0	0	1	0	1	NA	NA	0	NA	NA	1	NA	NA	0	NA	NA	NA	NA	NA	NA	0	0	0	NA	1	0	NA	NA	NA	NA	NA	0	NA	NA	NA	NA	NA
X-4087	NA	0	1	0	0	NA	NA	NA	0	NA	NA	1	NA	NA	0	0	0	0	0	1	0	0	NA	NA	NA	NA	NA	NA	NA	NA	NA	NA	NA	NA	NA	NA	NA	NA
X-4145	NA	0	0	0	0	0	NA	NA	0	NA	NA	1	NA	NA	0	NA	NA	NA	NA	NA	NA	0	0	0	0	0	0	NA	NA	NA	NA	NA	1	NA	NA	NA	NA	NA
X-4157	NA	0	NA	0	NA	NA	NA	NA	0	NA	NA	0	NA	NA	0	NA	NA	0	NA	0	NA	NA	NA	NA	NA	NA	NA	NA	NA	NA	NA	NA	0	0	1	0	0	0
X-4215	NA	0	0	0	0	0	NA	NA	0	NA	NA	1	NA	NA	0	NA	NA	NA	NA	NA	NA	0	0	0	0	0	0	NA	NA	NA	NA	NA	0	NA	NA	NA	NA	NA
X-4226	NA	0	0	0	0	0	NA	NA	0	NA	NA	1	NA	NA	0	NA	NA	NA	NA	NA	NA	0	0	0	0	0	0	NA	NA	NA	NA	NA	0	NA	NA	NA	NA	NA
X-4316	NA	0	0	0	0	0	NA	NA	0	NA	NA	0	NA	NA	0	NA	NA	NA	NA	NA	NA	0	0	1	0	0	0	NA	NA	NA	NA	NA	0	NA	NA	NA	NA	NA
X-4339	NA	0	NA	0	NA	NA	NA	NA	0	NA	NA	0	NA	NA	0	NA	NA	0	NA	0	NA	NA	NA	NA	NA	NA	NA	NA	NA	NA	NA	NA	0	1	1	0	0	0
X-4347	0	0	0	0	0	NA	NA	NA	0	0	0	1	NA	0	0	NA	NA	0	NA	NA	NA	0	NA	NA	0	NA	NA	0	0	0	NA	NA	NA	NA	NA	NA	NA	NA
X-4377	NA	0	0	0	0	0	NA	NA	0	NA	NA	0	NA	NA	NA	NA	NA	NA	NA	NA	NA	1	0	0	0	0	0	NA	NA	NA	NA	NA	1	NA	NA	NA	NA	NA
X-4378	NA	0	1	0	0	0	NA	NA	0	NA	NA	0	NA	NA	0	NA	NA	NA	NA	NA	NA	0	0	1	0	0	0	NA	NA	NA	NA	NA	0	NA	NA	NA	NA	NA
X-4426	NA	0	NA	NA	NA	NA	NA	NA	0	NA	NA	0	NA	NA	0	NA	NA	0	NA	0	NA	NA	NA	NA	NA	NA	NA	NA	NA	NA	NA	NA	0	0	0	0	0	0
X-4439	NA	1	1	1	0	0	NA	NA	0	NA	NA	1	NA	NA	0	NA	NA	NA	NA	NA	NA	0	0	0	0	0	0	NA	NA	NA	NA	NA	0	NA	NA	NA	NA	NA
X-4455	NA	0	NA	0	NA	NA	NA	NA	0	NA	NA	0	NA	NA	0	NA	NA	0	NA	0	NA	NA	NA	NA	NA	NA	NA	NA	NA	NA	NA	NA	0	0	0	0	0	0
X-4530	NA	0	NA	NA	NA	NA	NA	NA	0	NA	NA	0	NA	NA	0	NA	NA	0	NA	0	NA	NA	NA	NA	NA	NA	NA	NA	NA	NA	NA	NA	0	NA	0	0	0	0
X-4538	NA	0	NA	NA	NA	NA	NA	NA	0	NA	NA	0	NA	NA	0	NA	NA	0	NA	0	NA	NA	NA	NA	NA	NA	NA	NA	NA	NA	NA	NA	0	0	0	0	0	0
X-4567	0	1	1	1	0	NA	NA	NA	0	0	1	1	NA	0	0	NA	NA	0	NA	NA	NA	0	NA	NA	0	NA	NA	0	1	0	NA	NA	NA	NA	NA	NA	NA	NA
X-4644	NA	0	NA	0	NA	NA	NA	NA	0	NA	NA	0	NA	NA	0	NA	NA	0	NA	0	NA	NA	NA	NA	NA	NA	NA	NA	NA	NA	NA	NA	0	0	0	0	0	0
X-4649	NA	0	1	1	0	0	NA	NA	0	NA	NA	0	NA	NA	0	NA	NA	NA	NA	NA	NA	0	0	1	0	0	0	NA	NA	NA	NA	NA	0	NA	NA	NA	NA	NA
X-4668	NA	0	NA	NA	NA	NA	NA	NA	1	NA	NA	0	NA	NA	0	NA	NA	0	NA	0	NA	NA	NA	NA	NA	NA	NA	NA	NA	NA	NA	NA	0	0	0	0	0	1
X-4676	NA	0	0	0	0	0	NA	NA	0	NA	NA	1	NA	NA	0	NA	NA	NA	NA	NA	NA	0	0	1	0	0	1	NA	NA	NA	NA	NA	0	NA	NA	NA	NA	NA
X-4819	0	0	0	0	0	NA	0	0	0	NA	0	0	NA	NA	0	NA	0	0	0	NA	NA	NA	NA	NA	NA	NA	NA	NA	0	NA	0	0	NA	NA	NA	NA	NA	NA
X-4824	0	1	0	1	0	NA	NA	NA	0	0	0	1	NA	0	0	NA	NA	0	NA	NA	NA	0	NA	NA	0	NA	NA	0	0	0	NA	NA	NA	NA	NA	NA	NA	NA
X-4832	NA	0	NA	NA	NA	NA	NA	NA	0	NA	NA	0	NA	NA	0	NA	NA	1	NA	0	NA	NA	NA	NA	NA	NA	NA	NA	NA	NA	NA	NA	0	1	0	0	0	0
X-4849	NA	0	NA	0	NA	NA	NA	NA	0	NA	NA	0	NA	NA	0	NA	NA	0	NA	0	NA	NA	NA	NA	NA	NA	NA	NA	NA	NA	NA	NA	0	0	1	0	0	0
X-4888	0	0	0	0	0	NA	NA	NA	0	0	1	0	NA	0	0	NA	NA	0	NA	NA	NA	0	NA	NA	0	NA	NA	0	0	0	NA	NA	NA	NA	NA	NA	NA	NA
X-4927	NA	0	0	NA	0	0	NA	NA	0	NA	NA	1	NA	NA	0	NA	NA	NA	NA	NA	NA	0	0	0	0	0	0	NA	NA	NA	NA	NA	0	NA	NA	NA	NA	NA
X-4949	0	1	0	0	0	NA	NA	NA	0	0	0	0	NA	0	0	NA	NA	0	NA	NA	NA	0	NA	NA	0	NA	NA	0	0	0	NA	NA	NA	NA	NA	NA	NA	NA
X-5189	NA	1	NA	0	NA	NA	NA	NA	0	NA	NA	0	NA	NA	0	NA	NA	0	NA	0	NA	NA	NA	NA	NA	NA	NA	NA	NA	NA	NA	NA	0	1	1	0	0	0
X-5205	NA	0	0	0	1	0	NA	NA	NA	NA	NA	0	NA	NA	0	NA	NA	NA	NA	NA	NA	0	NA	1	NA	1	0	NA	NA	NA	NA	NA	0	NA	NA	NA	NA	NA
X-5249	1	0	0	0	0	NA	NA	NA	0	1	0	0	NA	0	0	NA	NA	0	NA	NA	NA	0	NA	NA	0	NA	NA	0	0	0	NA	NA	NA	NA	NA	NA	NA	NA
X-5254	NA	0	0	0	0	NA	NA	NA	0	NA	NA	0	NA	NA	0	0	0	0	0	0	0	0	NA	NA	NA	NA	NA	NA	NA	NA	NA	NA	NA	NA	NA	NA	NA	NA
X-5355	0	1	0	0	0	NA	NA	NA	0	0	1	0	NA	0	0	NA	NA	0	NA	NA	NA	0	NA	NA	0	NA	NA	0	0	0	NA	NA	NA	NA	NA	NA	NA	NA
X-5405	NA	0	0	0	0	NA	NA	NA	0	NA	NA	0	NA	NA	0	0	0	0	0	0	0	0	NA	NA	NA	NA	NA	NA	NA	NA	NA	NA	NA	NA	NA	NA	NA	NA
X-5438	NA	0	0	0	0	NA	NA	NA	0	NA	NA	0	NA	NA	0	0	0	0	0	0	0	0	NA	NA	NA	NA	NA	NA	NA	NA	NA	NA	NA	NA	NA	NA	NA	NA
X-5446	NA	0	0	0	0	NA	NA	NA	0	NA	NA	0	NA	NA	0	0	0	0	0	0	0	0	NA	NA	NA	NA	NA	NA	NA	NA	NA	NA	NA	NA	NA	NA	NA	NA
X-5494	NA	1	0	0	0	NA	NA	NA	1	NA	NA	0	NA	NA	0	0	NA	0	0	0	0	0	NA	NA	NA	NA	NA	NA	NA	NA	NA	NA	NA	NA	NA	NA	NA	NA
X-5495	NA	0	0	0	0	NA	NA	NA	0	NA	NA	0	NA	NA	0	0	0	0	1	0	0	0	NA	NA	NA	NA	NA	NA	NA	NA	NA	NA	NA	NA	NA	NA	NA	NA
X-5502	0	0	0	0	0	NA	NA	NA	0	0	0	0	NA	0	0	NA	NA	0	NA	NA	NA	0	NA	NA	0	NA	NA	0	1	0	NA	NA	NA	NA	NA	NA	NA	NA
X-5578	NA	0	0	0	0	NA	NA	NA	0	NA	NA	0	NA	NA	0	0	0	0	0	0	0	0	NA	NA	NA	NA	NA	NA	NA	NA	NA	NA	NA	NA	NA	NA	NA	NA
X-5975	0	0	0	0	0	NA	NA	NA	1	0	1	1	NA	NA	0	NA	NA	0	NA	NA	NA	0	NA	NA	0	NA	NA	0	1	0	NA	NA	NA	NA	NA	NA	NA	NA
X-6047	0	0	0	0	0	NA	NA	NA	0	0	0	0	NA	0	0	NA	NA	0	NA	NA	NA	0	NA	NA	0	NA	NA	0	0	0	NA	NA	NA	NA	NA	NA	NA	NA
